Process,Dim 0,Dim 1,Dim 2,Dim 3,Dim 4,Dim 5,Dim 6,Dim 7,Dim 8,Dim 9,Dim 10
Context,0.8981817364692688,0.9954157471656799,0.9997864025644958,0.9999929871264612,0.9999993162659848,0.9999999097434511,0.9999999617959219,0.9999999656643248,0.9999999659920917,0.9999999660218702,0.9999999660273945
Stim,0.3611592650413513,0.6970346868038177,0.7603462710976601,0.8112483248114586,0.8552403151988983,0.8981717154383659,0.9372042194008827,0.9640698283910751,0.9735904522240162,0.9810528047382832,0.9859503279440105
Memory,0.47444477677345276,0.9121393263339996,0.9534277617931366,0.9808186274021864,0.9863760829903185,0.9915154334157705,0.9951106095686555,0.9971200167201459,0.9981936276890337,0.9989497754722834,0.9996194843552075
Response,0.3436213433742523,0.6709458529949188,0.7960799336433411,0.8798857256770134,0.9115214049816132,0.9325798712670803,0.9513576570898294,0.9684442784637213,0.9825206054374576,0.9888220583088696,0.9917639738414437
